Security Code,symbol
511122,1STCUS
,20MICRONS
,21STCENMGM
,360ONE
532067,3BBLACKBIO
544190,3CIT
,3IINFOLTD
,3MINDIA
,3PLAND
,3RDROCK
,5PAISA
,63MOONS
540615,7NR
540874,7SEASL
532404,7TEC
,A2ZINFRA
,AAATECH
544176,AADHARHFC
530621,AAIL
,AAKASH
539096,AANANDALAK
538812,AANCHALISP
543319,AAPLUSTRAD
,AAREYDRUGS
539562,AARNAV
,AARON
542377,AARSHYAM
,AARTECH
,AARTIDRUGS
,AARTIIND
,AARTIPHARM
,AARTISURF
,AARVEEDEN
,AARVI
543346,AASHKA
511764,AASTAFIN
,AAVAS
539528,AAYUSH
,ABAN
,ABB
500488,ABBOTINDIA
,ABCAPITAL
520123,ABCINDQ
,ABFRL
532057,ABHICAP
538935,ABHIFIN
539544,ABHIINFRA
,ABHISHEK
511756,ABIRAFN
,ABMINTLLTD
531161,ABMKNO
,ABSLAMC
530881,ABVL
,ACC
531533,ACCEDERE
517494,ACCEL
543938,ACCELERATE
,ACCELYA
,ACCURACY
,ACE
530669,ACEENGITEC
,ACEINTEG
539661,ACEMEN
531525,ACESOFT
541133,ACFL
536737,ACFSL
505036,ACGL
543499,ACHYUT
,ACI
517356,ACIIN
530043,ACKNIT
,ACL
,ACLGATI
539391,ACME
540146,ACML
513149,ACROW
541144,ACTIVE
,ADANIENSOL
,ADANIENT
,ADANIGREEN
,ADANIPORTS
,ADANIPOWER
538563,ADARSH
523411,ADCINDIA
539506,ADCON
507852,ADDIND
543309,ADESHWAR
,ADFFOODS
539189,ADHBHUTIN
532056,ADIEXRE
514113,ADINATH
543377,ADISHAKTI
513513,ADITYA
521141,ADITYASP
543269,ADJIA
,ADL
524604,ADLINE
511359,ADMANUM
530431,ADORFO
523120,ADORMUL
,ADORWELD
,ADROITINFO
,ADSL
543230,ADVAIT
,ADVANIHOTR
,ADVENZYMES
539773,ADVIKCA
521048,ADVLIFE
,AEGISCHEM
500003,AEGISLOG
539196,AEL
542670,AEPL
,AEROFLEX
534733,AERPACE
,AETHER
538351,AFEL
,AFFLE
541402,AFFORDABLE
,AGARIND
530765,AGARWAL
,AGI
539042,AGIIL
542579,AGOL
,AGRITECH
,AGROPHOS
,AGSTRA
543941,AHASOLAR
,AHL
,AHLADA
,AHLEAST
,AHLUCONT
,AHLWEST
522273,AHMDSTE
,AIAENG
,AIFL
542524,AIHL
539177,AIIL
544072,AIKPIPES
534064,AIML
,AIRAN
,AIROLAM
,AJANTPHARM
519216,AJANTSOY
511692,AJCON
530713,AJEL
,AJMERA
,AJOONI
,AJRINFRA
526628,AJWAFUN
,AKASH
530499,AKCAPIT
,AKG
,AKI
540718,AKM
,AKSHAR
,AKSHARCHEM
,AKSHOPTFBR
539300,AKSPINTEX
,AKZOINDIA
539115,ALAN SCOTT
,ALANKIT
,ALBERTDAVD
,ALCHEM
,ALEMBICLTD
511463,ALEXANDER
530973,ALFAICA
517546,ALFATRAN
531156,ALFAVIO
538952,ALFL
505216,ALFREDHE
,ALICON
,ALKALI
,ALKEM
543453,ALKOSIGN
,ALKYLAMINE
,ALLCARGO
,ALLSEC
,ALMONDZ
506120,ALNATRD
,ALOKINDS
,ALPA
,ALPHAGEO
543937,ALPHAIND
542770,ALPHALOGIC
526519,ALPINEHOU
,ALPSINDUS
535916,ALSL
539277,ALSTONE
501622,AMALGAM
521097,AMARJOTHI
538863,AMARNATH
538465,AMARSEC
500009,AMBALALSA
519471,AMBARPIL
,AMBER
,AMBICAAGAR
,AMBIKCO
526439,AMBIT
543678,AMBOAGRI
,AMBUJACEM
530133,AMCOIND
,AMDIND
531681,AMERISE
513117,AMFORG
544037,AMIC
541771,AMINTAN
,AMIORG
531300,AMITINT
,AMJLAND
544169,AMKAY
,AMNPLST
531991,AMRAAGRI
539265,AMRAFIN
526241,AMRAPLIN
,AMRUTANJAN
534612,AMTL
501630,ANANDPROJ
,ANANDRATHI
,ANANTRAJ
,ANDHRAPAP
,ANDHRSUGAR
526173,ANDREWYU
540694,ANG
541006,ANGEL
,ANGELONE
,ANIKINDS
531223,ANJANI
531878,ANJANIFIN
511153,ANJANIFOODS
531673,ANKIN
,ANKITMETAL
,ANMOL
530799,ANNAINFRA
,ANSALAPI
523007,ANSALBU
507828,ANSALHSG
512091,ANSHNCO
531406,ANSINDUS
501270,ANTARIKSH
,ANTGRAPHIC
506260,ANUHPHR
,ANUP
530109,ANUPAM
,ANURAS
542865,ANUROOP
,APARINDS
,APCL
,APCOTEXIND
,APEX
523896,APIL
506166,APIS
517096,APLAB
,APLAPOLLO
,APLLTD
523537,APMIN
,APOLLO
512437,APOLLOFI
,APOLLOHOSP
,APOLLOPIPE
,APOLLOTYRE
,APOLSINHOT
539545,APOORVA
506979,APTPACK
,APTUS
505725,AQFINTECH
512344,ARAVALIS
520121,ARCEEIN
540135,ARCFIN
,ARCHIDPLY
,ARCHIES
,ARCOTECH
,ARE&M
,ARENTERP
526851,AREXMIS
,ARIES
530267,ARIGATO
531381,ARIHANT
,ARIHANTCAP
,ARIHANTSUP
531017,ARISE
542721,ARL
538556,ARMAN
,ARMANFIN
537069,ARNOLD
,AROGRANITE
,ARROWGREEN
544025,ARROWHEAD
,ARSHIYA
,ARSSINFRA
531297,ARTEFACT
,ARTEMISMED
,ARTNIRMAN
500016,ARUNAHTEL
526935,ARUNIS
,ARVEE
,ARVIND
,ARVINDFASN
,ARVSMART
538716,ARYACAPM
530245,ARYAMAN
542176,ARYAN
,ASAHIINDIA
,ASAHISONG
,ASAL
,ASALCBR
543943,ASARFI
543443,ASCENSIVE
519174,ASHAI
,ASHAPURMIN
512247,ASHCAP
,ASHIANA
543766,ASHIKA
,ASHIMASYN
513401,ASHIS
530429,ASHISHPO
541702,ASHNI
507872,ASHNOOR
,ASHOKA
,ASHOKAMET
,ASHOKLEY
526983,ASHOKRE
526187,ASHRAM
526847,ASHSI
538777,ASIACAP
543927,ASIAN
,ASIANENE
,ASIANHOTNR
,ASIANPAINT
,ASIANTILES
519532,ASIANTNE
530899,ASIAPAK
,ASIL
530723,ASITCFIN
,ASKAUTOLTD
,ASMS
526433,ASMTEC
,ASPINWALL
540788,ASPIRA
541865,ASRL
542911,ASSAMENT
544183,ASSOCIATED
531847,ASTAR
,ASTEC
,ASTERDM
,ASTRAL
,ASTRAMICRO
,ASTRAZEN
,ASTRON
,ATALREAL
,ATAM
,ATFL
,ATGL
530187,ATHARVENT
539099,ATHCON
517429,ATHENAGLO
538713,ATISHAY
,ATL
,ATLANTAA
,ATLASCYCLE
,ATNINTER
,ATUL
,ATULAUTO
500028,ATVPR
,AUBANK
,AURIONPRO
530233,AUROLAB
,AUROPHARMA
,AURUM
,AUSOMENT
522005,AUSTENG
,AUTOAXLES
,AUTOIND
512277,AUTOINT
,AVADHSUGAR
531310,AVAILFC
,AVALON
512149,AVANCE
532406,AVANTEL
,AVANTIFEED
543737,AVEER
,AVG
540205,AVL
,AVONMORE
,AVROIND
,AVTNPL
544181,AWFIS
,AWHCL
,AWL
513642,AXELPOLY
,AXISBANK
,AXISCADES
533570,AXISGOLD
,AXITA
523850,AXTEL
,AYMSYNTEX
,AZAD
544177,AZTEC
531268,B2BSOFT
532380,BABA
524516,BACPHAR
,BAFNAPH
,BAGFILMS
,BAIDFIN
,BAJAJ-AUTO
,BAJAJCON
,BAJAJELEC
,BAJAJFINSV
,BAJAJHCARE
,BAJAJHIND
,BAJAJHLDNG
507944,BAJAJST
,BAJEL
,BAJFINANCE
,BALAJITELE
,BALAMINES
,BALAXI
539834,BALGOPAL
,BALKRISHNA
,BALKRISIND
,BALLARPUR
,BALMLAWRIE
,BALPHARMA
,BALRAMCHIN
520127,BALTE
531112,BALUFORGE
519295,BAMBINO
531591,BAMPSL
,BANARBEADS
,BANARISUG
509053,BANASFN
,BANCOINDIA
524602,BANDARAM
,BANDHANBNK
,BANG
,BANKA
,BANKBARODA
590106,BANKBEES
,BANKINDIA
,BANSWRAS
523186,BAPACK
,BARBEQUE
500270,BARODARY
513502,BAROEXT
,BASF
,BASML
,BATAINDIA
522004,BATLIBOI
539946,BAZELINTER
,BBL
,BBOX
,BBTC
,BBTCL
517246,BCCFUBA
,BCG
539621,BCLENTERPR
,BCLIND
,BCONCEPTS
537766,BCP
542057,BCPL
524828,BDH
,BDL
,BEARDSELL
,BECTORFOOD
,BEDMUTHA
539018,BEEKAY
532645,BEEYU
,BEL
539399,BELLACASA
522650,BEMHY
,BEML
541178,BENARA
509438,BENARAS
544052,BENCHMARK
533095,BENGALASM
512404,BENGALS
532230,BENGALT
,BEPL
,BERGEPAINT
524606,BERLDRG
531340,BERVINL
531582,BERYLSE
508664,BESTEAST
512477,BETXIND
,BFINVEST
539662,BFLAFL
,BFUTILITIE
511664,BGIL
540545,BGJL
,BGLOBAL
,BGRENERGY
504646,BGWTATO
,BHAGCHEM
,BHAGERIA
,BHAGYANGR
,BHANDARI
538576,BHANDERI
511501,BHARAT
,BHARATFORG
,BHARATGEAR
,BHARATRAS
523229,BHARATSE
,BHARATWIRE
,BHARTIARTL
544162,BHARTIHEXA
540956,BHATIA
,BHEL
514272,BHILSPIN
544137,BHINVIT
526853,BI
524663,BIBCL
,BIGBLOC
524723,BIJHANS
,BIKAJI
,BIL
,BILENERGY
543209,BILLWIN
505681,BIMETAL
,BINANIIND
540148,BINDALEXPO
,BIOCON
,BIOFILCHEM
531752,BIOGEN
543261,BIRET
,BIRLACABLE
,BIRLACORPN
,BIRLAMONEY
522105,BIRLAPREC
,BIRLATYRE
531671,BISIL
526709,BITS
543926,BIZOTIC
,BKMINDST
519500,BKV
,BLAL
,BLBLIMITED
532485,BLIL
,BLISSGVS
,BLKASHYAP
513422,BLOIN
526225,BLOOM
,BLS
,BLSE
531175,BLSINFOTE
,BLUEBLENDS
,BLUECHIP
506981,BLUECHIPT
539607,BLUECLOUDS
,BLUECOAST
,BLUEDART
,BLUEJET
,BLUESTARCO
542669,BMW
508136,BNALTD
526125,BNHOLDINGS
539546,BNL
523019,BNRSEC
530809,BNRUDY
,BODALCHEM
,BOHRAIND
501430,BOMBCYC
504648,BOMBWIR
,BOMDYEING
509470,BOMOXY-B1
511246,BOMTALKIES
543971,BONDADA
,BOROLTD
,BORORENEW
,BOSCHLTD
,BPCL
,BPL
541096,BPLPHARMA
505690,BRADYM
535693,BRAHMINFRA
543439,BRANDBUCKT
530207,BRAWN
,BRFL
530249,BRIDGESE
,BRIGADE
526731,BRIGHTBR
532113,BRIJLEAS
539434,BRIPORT
544101,BRISK
,BRITANNIA
,BRNL
,BROOKS
538546,BRPL
543543,BRRL
,BSE
532123,BSELALGO
,BSHSL
,BSL
533408,BSLGOLDETF
,BSOFT
,BTML
533108,BTTL
,BURNPUR
,BUTTERFLY
,BVCL
,BYKE
517236,CALCOM
,CALSOFT
,CAMLINFINE
,CAMPUS
,CAMS
,CANBK
,CANDC
522292,CANDOUR
,CANFINHOME
,CANTABIL
,CAPACITE
539198,CAPFIN
,CAPITALSFB
,CAPLIPOINT
538817,CAPPIPES
509486,CAPRIHANS
,CAPTRUST
,CARBORUNIV
,CAREERP
,CARERATING
543621,CARGOSOL
543618,CARGOTRANS
,CARTRADE
,CARYSIL
534732,CASPIAN
,CASTROLIND
531158,CATVISION
542934,CBPL
544000,CCAL
,CCCL
,CCHHL
,CCL
531900,CCLINTER
534796,CDG
,CDSL
,CEATLTD
530789,CEEJAY
531119,CEENIK
514171,CEETAIN
538734,CEINSYSTECH
,CELEBRITY
,CELESTIAL
,CELLO
522251,CENLUB
,CENTENKA
,CENTEXT
,CENTRALBK
,CENTRUM
,CENTUM
,CENTURYPLY
,CENTURYTEX
,CERA
,CEREBRAINT
,CESC
512341,CESL
539991,CFEL
543920,CFF
540310,CFL
,CGCL
539598,CGFL
,CGPOWER
531489,CGVAK
,CHALET
530747,CHALLANI
,CHAMBLFERT
542627,CHANDNIMACH
530309,CHANDRAP
544151,CHATHA
542678,CHCL
531099,CHECKPOINT
,CHEMBOND
,CHEMCON
,CHEMFAB
506365,CHEMOPH
,CHEMPLASTS
537326,CHEMTECH
,CHENNPETRO
,CHEVIOT
532992,CHLLTD
531977,CHLOGIST
512301,CHMBBRW
,CHOICEIN
530427,CHOKSI
526546,CHOKSILA
,CHOLAFIN
,CHOLAHLDNG
519475,CHORDIA
540681,CHOTHANI
501833,CHOWGULSTM
511696,CHRTEDCA
519477,CIANAGRO
,CIEINDIA
530879,CIFL
,CIGNITITEC
530829,CILSEC
526373,CINDHO
531283,CINDRELL
,CINELINE
530457,CINERAD
,CINEVISTA
,CIPLA
502445,CITADEL
531235,CITIPOR
539091,CITL
,CKFSL
543435,CLARA
512213,CLASELE
,CLEAN
,CLEDUCATE
540481,CLFL
530839,CLIOINFO
,CLSEL
540199,CMBL
,CMICABLES
523489,CMMHOSP
,CMMIPL
,CMSINFO
543619,CNCRD
512018,CNIRESLTD
533407,CNOVAPETRO
,COALINDIA
520131,COARO
,COASTCORP
,COCHINSHIP
508571,COCHMAL
500147,COCKERILL
,COFFEEDAY
,COFORGE
542866,COLABCLOUD
531210,COLINZ
,COLPAL
534691,COMCL
535267,COMFINCAP
531216,COMFINTE
543843,COMMAND
531041,COMPEAU
,COMPINFO
507833,COMPUPN
,COMPUSOFT
543921,COMRADE
,COMSYN
522231,CONART
,CONCOR
538965,CONCORD
,CONCORDBIO
504340,CONFINT
,CONFIPET
,CONSOFINVT
523844,CONSTRONIC
543606,CONTAINE
506935,CONTCHM
,CONTI
531460,CONTICON
531067,CONTILI
523232,CONTPTR
,CONTROLPR
507543,CORAGRO
524506,CORALAB
,CORALFINAC
,CORDSCABLE
,COROMANDEL
530545,COSCO
543928,COSMICCRF
523100,COSMOFE
,COSMOFIRST
543172,COSPOWER
538922,COSYN
,COUNCODOS
536974,CPL
,CRAFTSMAN
538770,CRANEINFRA
512093,CRANESSOFT
522001,CRANEX
509472,CRAVATEX
,CREATIVE
,CREATIVEYE
,CREDITACC
512379,CRESSAN
,CREST
526977,CRIMSON
,CRISIL
531909,CROISSANCE
,CROMPTON
523105,CROPSTER
,CROWN
540903,CRPRISK
,CSBBANK
538868,CSL
,CSLFINANCE
531380,CSURGSU
540652,CTCL
,CTE
538476,CTL
,CUB
,CUBEXTUB
511710,CUBIFIN
,CUMMINSIND
,CUPID
543378,CWD
531472,CYBELEIND
,CYBERMEDIA
,CYBERTECH
,CYIENT
,CYIENTDLM
,DABUR
539681,DAL
,DALBHARAT
,DALMIASUG
,DAMODARIND
,DANGEE
532329,DANLAW
540361,DANUBE
543651,DAPS
539884,DARSHANORNA
543225,DATAINFRA
,DATAMATICS
,DATAPATTNS
526443,DATASOFT
519413,DATIWARE
530171,DAULAT
,DAVANGERE
,DBCORP
,DBL
,DBOL
,DBREALTY
,DBSTOCKBRO
,DCAL
,DCBBANK
,DCI
,DCM
,DCMFINSERV
,DCMNVL
,DCMSHRIRAM
,DCMSRIND
,DCW
,DCXINDIA
539559,DDIL
505703,DECANBRG
542248,DECCAN
,DECCANCE
524752,DECIPHER
,DEEPAKFERT
,DEEPAKNTR
514030,DEEPAKSP
,DEEPENR
,DEEPINDS
542679,DEL
,DELHIVERY
,DELPHIFX
539596,DELTA
,DELTACORP
,DELTAMAGNT
,DEN
537536,DENISCHEM
,DENORA
531521,DESHRAK
531585,DEVINE
,DEVIT
543848,DEVLAB
,DEVYANI
539190,DFL
,DGCONTENT
542155,DGL
538715,DHABRIYA
531923,DHAMPURE
,DHAMPURSUG
,DHANBANK
512485,DHANCOT
521151,DHANFAB
,DHANI
521216,DHANROTO
,DHANUKA
511451,DHARFIN
,DHARMAJ
543753,DHARNI
,DHARSUGAR
540080,DHATRE
517514,DHINDIA
526971,DHOOTIN
531306,DHPIND
,DHRUV
531237,DHRUVCA
,DHUNINV
543516,DHYAANITR
,DIACABS
,DIAMINESQ
,DIAMONDYD
530959,DIANATEA
,DICIND
,DIGIDRIVE
,DIGISPICE
,DIGJAMLMTD
540151,DIKSAT
,DIL
531153,DILIGENT
500068,DISAQ
,DISHTV
539405,DITCO
,DIVGIITTS
,DIVISLAB
,DIXON
,DJML
541299,DLCL
,DLF
,DLINKINDIA
504240,DLTNCBL
,DMART
,DMCC
540811,DML
543410,DMR
,DNAMEDIA
,DODLA
,DOLATALGO
542013,DOLFIN
,DOLLAR
,DOLPHIN
,DOMS
,DONEAR
,DPABHUSHAN
543594,DPL
,DPSCLTD
,DPWIRES
,DQE
540144,DRA
526783,DRAGARWQ
,DRCSYSTEMS
,DREAMFOLKS
,DREDGECORP
543713,DRONACHRYA
,DRREDDY
501148,DSINVEST
,DSKULKARNI
,DSSL
,DTIL
,DUCON
511634,DUGARHOU
531471,DUKEOFS
504908,DUNCANENG
526355,DUROPACK
516003,DUROPLY
517437,DUTRON
,DVL
,DWARKESH
,DYCL
,DYNAMATECH
530779,DYNAMICP
517238,DYNAVSN
,DYNPRO
,E2E
543765,EARTH
,EASEMYTRIP
531346,EASTRED
,EASTSILK
540006,EASTWEST
542906,EASUN
,EASUNREYRL
511074,EASYFIN
,ECLERX
523732,ECOBOAR
514402,ECOHOTELS
526703,ECOPLAST
530643,ECORECO
540063,ECS
520081,ECSTSTL
,EDELWEISS
,EDUCOMP
517170,EDVENSWA
512008,EFCIL
,EICHERMOT
,EIDPARRY
,EIFFL
543518,EIGHTY
,EIHAHOTELS
,EIHOTEL
,EIMCOELECO
530581,EKAMLEA
531364,EKANSH
,EKC
543475,EKENNIS
543284,EKI
532820,ELAND
513452,ELANGO
503681,ELCIDIN
,ELDEHSG
,ELECON
,ELECTCAST
,ELECTHERM
526473,ELEFLOR
526705,ELEMARB
531144,ELFORGE
,ELGIEQUIP
,ELGIRUBCO
,ELIN
539533,ELITECON
531278,ELIXIR
517477,ELNET
504000,ELPROINTL
522027,EMAINDIA
,EMAMILTD
,EMAMIPAP
,EMAMIREAL
542602,EMBASSY
538882,EMERALD
507265,EMERALL
,EMIL
,EMKAY
,EMMBI
544166,EMMFORCE
509525,EMPIND
504351,EMPOWER
,EMSLIMITED
,EMUDHRA
512441,ENBETRD
530733,ENCODE
,ENDURANCE
,ENERGYDEV
,ENGINERSIN
,ENIL
533477,ENKEIWHEL
,ENTERO
526574,ENTRINT
500246,ENVAIREL
,EON
,EPACK
543595,EPBIO
530407,EPIC
,EPIGRAL
,EPL
531155,EPSOMPRO
532092,EPUJA
,EQUIPPP
,EQUITASBNK
531035,ERAAYA
,ERIS
,EROSMEDIA
530909,ERPSOFT
,ESABINDIA
,ESAFSFB
531502,ESARIND
540455,ESCORP
,ESCORTS
531259,ESHAMEDIA
532016,ESPIRE
,ESSARSHPNG
,ESSENTIA
,ESTER
,ETHOSLTD
538708,ETIL
537707,ETT
544094,EUPHORIAIT
543482,EUREKAFORBE
521137,EUREKAI
530929,EUROASIA
,EUROCERA
526468,EUROLED
,EUROMULTI
,EUROTEXIND
542668,EVANS
,EVEREADY
,EVERESTIND
524790,EVERESTO
514358,EVERFIN
524444,EVEXIA
543500,EVOQ
,EXCEL
,EXCELINDUS
543895,EXHICON
,EXICOM
,EXIDEIND
,EXPLEOSOL
530571,EXPLICITFIN
526614,EXPOGAS
,EXXARO
512099,EY
544164,FAALCON
543444,FABINO
,FACT
,FAIRCHEMOR
516110,FAMILYCARE
,FAZE3Q
,FCL
,FCONSUMER
,FCSSOFT
,FDC
,FEDERALBNK
,FEDFINA
,FEL
570002,FELDVR
,FELIX
506414,FERMENTA
533896,FERVENTSYN
513579,FFPL
500142,FGP
,FIBERWEB
,FIEMIND
,FILATEX
532022,FILATFASH
539098,FILTRA
,FINCABLES
517264,FINELINE
,FINEORG
508954,FINKURVE
,FINOPB
,FINPIPE
532379,FIRSTFIN
,FIVESTAR
,FLAIR
523672,FLEXFO
,FLEXITUFF
,FLFL
504380,FLOMIC
540267,FLORACORP
522017,FLUIDOM
,FLUOROCHEM
539552,FMEC
,FMGOETZE
,FMNL
,FOCUS
543521,FONE4
,FOODSIN
502865,FORBESCO
,FORCEMOT
530213,FORINTL
,FORTIS
523696,FORTISMLR
,FOSECOIND
539839,FRANKLIN
540190,FRANKLININD
539032,FRASER
539730,FREDUN
,FRETAIL
508980,FRONTCAP
532042,FRONTCORP
522195,FRONTSP
530077,FRSHTRP
538568,FRUTION
,FSC
,FSL
544173,FTL
530197,FUNDVISER
,FUSION
534063,FUTSOL
523113,FUTURSEC
,GABRIEL
,GAEL
,GAIL
538609,GAJANANSEC
542802,GALACTICO
538881,GALADAFIN
531911,GALAGEX
,GALAXYSURF
,GALLANTT
531902,GALLOPENT
526073,GALXBRG
,GANDHAR
,GANDHITUBE
,GANECOS
,GANESHBE
,GANESHHOUC
,GANGAFORGE
539680,GANGAPHARM
,GANGESSECU
,GANGOTRI
504397,GANHOLD
512443,GANONPRO
539041,GANVERSE
539492,GARBIFIN
,GARFIBRES
530615,GARGFUR
543709,GARGI
539216,GARMNTMNTR
526727,GARNET
512493,GARNETINT
530161,GARODCH
509563,GARWAMAR
514400,GARWSYN
,GATECH
570005,GATECHDVR
,GATEWAY
,GAYAHWS
,GAYAPROJ
532183,GAYATRI
538787,GBFL
,GBGLOBAL
506186,GCKL
538319,GCMCAPI
535917,GCMCOMM
535431,GCMSECU
544156,GCONNECT
543324,GCSL
530855,GDLLEAS
504346,GDTRAGN
504028,GEE
,GEECEE
,GEEKAYWIRE
540613,GEL
531137,GEMSI
521133,GEMSPIN
,GENCON
514336,GENESIS
,GENESYS
531739,GENNEX
531592,GENPHARMA
,GENSOL
,GENUSPAPER
,GENUSPOWER
,GEOJITFSL
,GEPIL
,GESHIP
,GET&D
543372,GETALONG
,GFLLIMITED
,GFSTEELS
531399,GGAUTO
505250,GGDPROP
540614,GGENG
540936,GGL
539228,GGPL
,GHCL
,GHCLTEXTIL
542918,GIANLIFE
,GICHSGFIN
,GICRE
538788,GILADAFINS
,GILLANDERS
,GILLETTE
531744,GINISILK
,GINNIFILA
,GIPCL
,GIRRESORTS
,GITANJALI
539013,GITARENEW
533212,GKB
531758,GKCONS
542666,GKP
,GKWLIMITED
531199,GLANCE
,GLAND
,GLAXO
,GLENMARK
,GLFL
543520,GLHRL
,GLOBAL
530263,GLOBALCA
,GLOBALVECT
,GLOBE
501848,GLOBOFFS
526025,GLOBUSCON
,GLOBUSSPR
,GLS
,GMBREW
,GMDCLTD
,GMMPFAUDLR
543239,GMPL
,GMRINFRA
,GMRP&UI
,GNA
,GNFC
513536,GNRL
,GOACARBON
542850,GOBLIN
,GOCLCORP
,GOCOLORS
530317,GODAVARI
,GODFRYPHLP
,GODHA
544179,GODIGIT
,GODREJAGRO
,GODREJCP
,GODREJIND
,GODREJPROP
543538,GOEL
,GOENKA
531600,GOGIACAP
532957,GOKAKTEX
,GOKEX
,GOKUL
,GOKULAGRO
590097,GOLD1
590095,GOLDBEES
538542,GOLDCOINHF
540062,GOLDENCREST
,GOLDENTOBC
,GOLDIAM
533244,GOLDIETF
590101,GOLDSHARE
,GOLDSTAR
,GOLDTECH
531360,GOLECHA
523676,GOLKUNDIA
,GOODLUCK
500166,GOODRICKE
500168,GOODYEAR
531913,GOPAIST
,GOPAL
531608,GORANIN
531111,GOTHIPL
530709,GOWRALE
,GOYALALUM
530663,GOYALASS
,GPIL
,GPPL
544108,GPSL
,GPTHEALTH
,GPTINFRA
504369,GRANDMA
,GRANULES
,GRAPHITE
,GRASIM
509546,GRAVISSHO
,GRAVITA
532015,GRAVITY
,GREAVESCOT
531737,GREENCREST
,GREENLAM
,GREENPANEL
,GREENPLY
,GREENPOWER
,GRINDWELL
,GRINFRA
,GRMOVER
,GROBTEA
539522,GROVY
539222,GROWINGTON
,GRPLTD
,GRSE
,GRWRHITECH
513059,GSAUTO
511543,GSBFIN
,GSFC
,GSLSU
,GSPL
,GSS
,GTECJAINX
,GTL
,GTLINFRA
500170,GTNINDS
532744,GTNTEX
,GTPL
539479,GTV
,GUFICBIO
,GUJALKALI
,GUJAPOLLO
517288,GUJARATPOLY
513507,GUJCONT
526965,GUJCRAFT
511441,GUJCRED
,GUJGASLTD
507960,GUJHOTE
540938,GUJHYSPIN
517372,GUJINTRX
531341,GUJINV
,GUJRAFFIA
532160,GUJSTATFIN
524314,GUJTERC
506879,GUJTHEM
513337,GUJTLRM
,GULFOILLUB
,GULFPETRO
,GULPOLY
539206,GVBL
523277,GVFILM
,GVKPIL
544163,GVL
,GVPTECH
530141,GYANDEV
,HAL
539854,HALDER
515147,HALDYNGL
526407,HAMPTON
538731,HANMAN
537709,HANSUGAR
,HAPPSTMNDS
,HAPPYFORGE
530927,HARAFIN
,HARDWYN
538081,HARIAAPL
512604,HARIAEXPO
,HARIOMPIPE
542682,HARISH
,HARRMALAYA
,HARSHA
544105,HARSHDEEP
505336,HARSHILAGR
532855,HARYNACAP
531387,HASTIFIN
,HATHWAY
509073,HATHWAYB
,HATSUN
,HAVELLS
,HAVISHA
539176,HAWAENG
508486,HAWKINCOOK
532467,HAZOOR
542592,HBEL
532334,HBESD
508956,HBLEAS
,HBLPOWER
532333,HBPOR
,HBSL
,HCC
,HCG
,HCL-INSYS
538652,HCLTD
,HCLTECH
,HDFCAMC
,HDFCBANK
533230,HDFCGOLD
,HDFCLIFE
,HDIL
,HEADSUP
503689,HEALINV
543546,HEALTHYLIFE
,HECPROJECT
526967,HEERAISP
,HEG
,HEIDELBERG
539174,HELPAGE
531178,HEMANG
,HEMIPROP
524590,HEMORGANIC
,HERANBA
,HERCULES
,HERITGFOOD
,HEROMOTOCO
,HESTERBIO
,HEUBACHIND
,HEXATRADEX
,HFCL
526899,HFIL
,HGINFRA
,HGS
504176,HIGHENE
,HIKAL
542332,HIKLASS
,HIL
539697,HILIKS
,HILTON
,HIMATSEIDE
505712,HIMTEK
514428,HINDADH
,HINDALCO
531918,HINDAPL
532041,HINDBIO
,HINDCOMPOS
,HINDCON
,HINDCOPPER
505893,HINDHARD
509895,HINDMILL
,HINDMOTORS
,HINDNATGLS
,HINDOILEXP
,HINDPETRO
530315,HINDTIN
,HINDUNILVR
519574,HINDUST
,HINDWAREAP
,HINDZINC
530853,HIPOLIN
531743,HIRAUTO
,HIRECT
,HISARMETAL
521068,HISARSP
,HITECH
,HITECHCORP
,HITECHGEAR
531661,HITTCO
,HLEGLAS
,HLVLTD
,HMAAGRO
,HMT
,HMVL
,HNDFDS
590113,HNGSNGBEES
,HOMEFIRST
,HONASA
,HONAUT
,HONDAPOWER
532145,HOTLSILV
,HOVS
526761,HOWARHO
,HPAL
526717,HPBL
502873,HPCOTTON
,HPIL
,HPL
530055,HRMNYCP
526931,HRYNSHP
,HSCL
543916,HSIL
,HTMEDIA
,HUBTOWN
,HUDCO
,HUHTAMAKI
539984,HUIL
506024,HVL
,HYBRIDFIN
539724,HYPERSOFT
519463,IBINFO
,IBREALEST
504731,IBRIGST
,IBULHSGFIN
,ICDSLTD
,ICEMAKE
,ICICIBANK
,ICICIGI
,ICICIPRULI
,ICIL
538838,ICL
,ICRA
,ICSA
539149,ICSL
,IDBI
,IDEA
,IDEAFORGE
,IDFC
,IDFCFIRSTB
511260,IDINFO
517044,IDM
,IEL
,IEX
,IFBAGRO
,IFBIND
,IFCI
,IFGLEXPOR
535667,IFINSEC
539692,IFINSER
540377,IFL
,IGARASHI
539449,IGCIL
,IGL
,IGPL
,IIFL
,IIFLSEC
531889,IIL
540134,IISL
,IITL
531968,IITLPROJ
,IKIO
,IL&FSENGG
,IL&FSTRANS
,IMAGICAA
511628,IMCAP
,IMFA
,IMPAL
,IMPEXFERRO
543620,INA
531672,INANISEC
517370,INCAP
531594,INCON
,INCREDIBLE
509162,INDAG
,INDBANK
523465,INDBNK
511355,INDCEMCAP
532001,INDCTST
531505,INDERGR
544172,INDGN
,INDHOTEL
,INDIACEM
,INDIAGLYCO
530979,INDIAHOME
,INDIAMART
,INDIANB
,INDIANCARD
,INDIANHUME
501700,INDIANVSH
,INDIASHLTR
532745,INDICAP
,INDIGO
,INDIGOPNTS
540565,INDIGRID
509051,INDINFO
500202,INDLEASE
,INDLMETER
,INDNIPPON
,INDOAMIN
,INDOBORAX
532100,INDOCITY
,INDOCO
543769,INDONG
,INDORAMA
,INDOSOLAR
,INDOSTAR
,INDOTECH
,INDOTHAI
541304,INDOUS
,INDOWIND
501298,INDPRUD
,INDRAMEDCO
526445,INDRANIB
536709,INDRENEW
500319,INDSUCR
,INDSWFTLAB
,INDSWFTLTD
,INDTERRAIN
,INDUSFILA
531841,INDUSFINL
,INDUSINDBK
,INDUSTOWER
524614,INDXTRA
512025,INERTIAST
,INFIBEAM
541083,INFLAME
,INFOBEAN
,INFOMEDIA
504810,INFORTEC
537985,INFRONICS
,INFY
,INGERRAND
530787,INLANPR
531929,INNOCORP
543905,INNOKAIZ
,INNOVACAP
,INNOVATIVE
541353,INNOVATORS
543951,INNOVATUS
523840,INNOVTEC
533315,INOVSYNTH
,INOXGREEN
,INOXINDIA
,INOXWIND
505100,INRADIA
,INSECTICID
,INSPIRISYS
531314,INTCAPL
526871,INTECCAP
519606,INTEGFD
532303,INTEGHIT
505358,INTEGRAEN
517423,INTEGSW
506134,INTELLCAP
,INTELLECT
,INTENTECH
505737,INTLCOMBQ
,INTLCONV
511391,INTRGLB
530259,INTSTOIL
,INVENTURE
504786,INVPRECQ
,IOB
,IOC
,IOLCP
,IONEXCHANG
,IPCALAB
,IPL
523638,IPRINGLTD
,IRB
540526,IRBINVIT
,IRCON
,IRCTC
,IREDA
,IRFC
,IRIS
,IRISDOREME
,IRMENERGY
508918,IRONWOOD
,ISEC
526859,ISFL
,ISFT
,ISGEC
524400,ISHITADR
506161,ISHWATR
511609,ISLCONSUL
,ISMTLTD
508807,ISTLTD
524622,ISTRNETWK
513361,ISWL
,ITC
543806,ITCONS
,ITDC
,ITDCEM
500213,ITHL
,ITI
522183,ITL
,IVC
,IVP
,IVRCLINFRA
533172,IVZINGOLD
,IWEL
522245,IYKOTHITE
,IZMO
,J&KBANK
543860,JAFINANCE
507155,JAGAJITIND
530711,JAGANLAM
532825,JAGJANANI
,JAGRAN
,JAGSNPHARM
530601,JAGSONFI
,JAIBALAJI
,JAICORPLTD
514312,JAIHINDS
526865,JAINCO
505212,JAINEX
,JAINSTUDIO
505840,JAIPAN
,JAIPURKURT
,JALAN
538564,JAMESWARREN
,JAMNAAUTO
502901,JAMSHRI
542924,JANUSCORP
500220,JASCH
,JASH
514318,JATTAINDUS
526001,JAUSPOL
,JAYAGROGN
543544,JAYANT
539005,JAYATMA
,JAYBARMARU
501311,JAYBHCR
531323,JAYIND
544160,JAYKAILASH
500306,JAYKAY
,JAYNECOIND
,JAYSREETEA
513252,JAYUSH
,JBCHEPHARM
,JBFIND
,JBMA
,JCHAC
539246,JEL
524731,JENBURPH
,JETAIRWAYS
,JETFREIGHT
538794,JETINFRA
517063,JETKINGQ
543286,JETMALL
540850,JFL
,JGCHEM
544112,JGTL
531550,JHACC
,JHS
540651,JIGAR
,JIKIND
,JINDALPHOT
,JINDALPOLY
,JINDALSAW
,JINDALSTEL
530405,JINDCAP
,JINDCOT
507981,JINDHOT
,JINDRILL
,JINDWORLD
,JIOFIN
570004,JISLDVREQS
,JISLJALEQS
,JITFINFRA
523062,JJFINCOR
536493,JK AGRI
,JKCEMENT
,JKIL
,JKLAKSHMI
,JKPAPER
,JKTYRE
,JLHL
539947,JLL
,JMA
511092,JMDVL
,JMFINANCIL
523712,JMGCORP
538834,JMJFIN
544167,JNKINDIA
,JOCIL
532154,JOHNPHARMA
531861,JOINDRE
534659,JOINTECAED
542446,JONJUA
505750,JOSTS
,JPASSOCIAT
,JPINFRATEC
,JPOLYINVST
,JPPOWER
507987,JPTRLES
,JSFB
538765,JSHL
,JSL
504080,JSLINDL
538837,JSTL
,JSWENERGY
,JSWHL
,JSWINFRA
,JSWSTEEL
538539,JTAPARIA
,JTEKTINDIA
,JTLIND
,JUBLFOOD
,JUBLINDS
,JUBLINGREA
,JUBLPHARMA
536073,JULIEN
516078,JUMBO
590104,JUNIORBEES
,JUNIPER
534623,JUPITERIN
,JUSTDIAL
,JWL
531537,JYOTHI
,JYOTHYLAB
504076,JYOTI
,JYOTICNC
,JYOTISTRUC
540756,KAARYAFSL
,KABRAEXTRU
524675,KABSON
531780,KACL
543979,KAHAN
504840,KAIRA
538833,KAIZENAGRO
,KAJARIACER
543939,KAKA
,KAKATCEM
521054,KAKTEX
,KALAMANDIR
530201,KALLAM
538778,KALYANCAP
,KALYANIFRG
,KALYANKJIL
514322,KAMADGIRI
532468,KAMAHOLD
511131,KAMANWALA
,KAMATHOTEL
,KAMDHENU
,KAMOPAINTS
,KANANIIND
541005,KANCOTEA
521242,KANDAGIRI
500236,KANELIND
,KANORICHEM
,KANPRPLA
,KANSAINER
513456,KANSHST
540515,KANUNGO
512036,KAPILCO
539679,KAPILRAJ
,KAPSTON
526115,KARANWO
,KARMAENG
538928,KARNAVATI
501151,KARTKIN
,KARURVYSYA
531960,KASHYAP
502933,KATRSPG
,KAUSHALYA
,KAVVERITEL
,KAYA
504084,KAYCEEI
,KAYNES
,KBCGLOBAL
530357,KBSINDIA
540696,KCDGROUP
539393,KCL
531784,KCLINFRA
,KCP
,KCPSUGIND
537784,KCSL
,KDDL
539788,KDML
,KEC
,KECL
508993,KEDIACN
,KEEPLEARN
,KEI
,KELLTONTEC
506530,KEMP
530547,KENFIN
505890,KENNAMET
540953,KENVI
530163,KERALAYUR
,KERNEX
543542,KESAR
507180,KESARENT
,KESORAMIND
507948,KEYCORP
,KEYFINSERV
507474,KFBL
,KFINTECH
500239,KGDENIM
543289,KGES
,KGL
531609,KGPETRO
,KHADIM
,KHAICHEM
,KHAITANLTD
,KHANDSE
543953,KHAZANCHI
535730,KHOOBSURAT
,KICL
507946,KIDUJA
535566,KIFS
,KILITCH
530313,KIMIABL
,KIMS
500240,KINETICENG
,KINGFA
530215,KINGSINFR
,KIOCL
531413,KIRANPR
530443,KIRANSY-B
537750,KIRANVYPAR
,KIRIINDUS
,KIRLOSBROS
,KIRLOSENG
,KIRLOSIND
,KIRLPNU
530145,KISAN
,KITEX
532304,KJMCCORP
530235,KJMCFIN
,KKCL
503669,KKFIN
523652,KKPLASTICK
544013,KKSHL
,KKVAPOW
522101,KLBRENG-B
507598,KLRFM
524520,KMCSHIL
543273,KMEW
531578,KMFBLDR
519415,KMGMILK
540468,KMSMEDI
,KMSUGAR
,KNRCON
,KOHINOOR
,KOKUYOCMLN
,KOLTEPATIL
514128,KONARKSY
,KOPRAN
,KOTAKBANK
,KOTARISUG
,KOTHARIPET
,KOTHARIPRO
544139,KOURA
523323,KOVAI
539686,KPEL
544150,KPGEL
,KPIGREEN
,KPIL
,KPITTECH
539997,KPL
,KPRMILL
505299,KPT
542459,KRANTI
501261,KRATOSENER
,KRBL
,KREBSBIO
530139,KREONFIN
531328,KRETTOSYS
,KRIDHANINF
500248,KRIFILIND
,KRISHANA
504392,KRISHNA
539384,KRISHNACAP
,KRITI
,KRITIKA
,KRITINUT
514360,KRRAIL
,KRSNAA
523550,KRYPTONQ
,KRYSTAL
,KSB
,KSCL
519421,KSE
,KSERASERA
,KSHITIJPOL
,KSK
,KSL
,KSOLVES
533289,KTIL
,KTKBANK
,KUANTUM
539408,KUBERJI
526869,KUMPFIN
523594,KUNSTOFF
514240,KUSHIND
511048,KUSUMEL
513369,KVFORGE
511728,KZLFIN
,L&TFH
524202,LACTOSE
530577,LADDERUP
,LAGNAM
540026,LAHL
531842,LAHOTIOV
535387,LAKHOTIA
,LAKPRE
504258,LAKSELEC
,LAKSHMIEFL
502958,LAKSHMIMIL
,LAL
,LALPATHLAB
,LAMBODHARA
539841,LANCER
,LANCORHOL
,LANDMARK
,LAOPALA
,LASA
526961,LASTMILE
,LATENTVIEW
,LATTEYS
,LAURUSLABS
,LAXMICOT
,LAXMIMACH
537669,LAXMIPATI
,LCCINFOTEC
531288,LEADFIN
,LEEL
517415,LEENEE
532829,LEHAR
539814,LELAVOIR
,LEMONTREE
533602,LESHAIND
541196,LEX
,LEXUS
,LFIC
,LGBBROSLTD
,LGBFORGE
,LGHL
,LIBAS
,LIBERTSHOE
531027,LIBORD
511593,LIBORDFIN
,LICHSGFIN
,LICI
533719,LICMFGOLD
539927,LIKHAMI
,LIKHITHA
,LINC
,LINCOLN
,LINDEINDIA
526604,LIPPISYS
507912,LKPFIN
540192,LKPSEC
540360,LLFICL
,LLOYDSENGG
,LLOYDSME
,LODHA
543746,LOGICA
,LOKESHMACH
526568,LONTE
534422,LOOKS
,LORDSCHLO
530065,LORDSHOTL
523475,LOTUSCHO
,LOTUSEYE
,LOVABLE
539227,LOYAL
,LOYALTEX
,LPDC
,LT
533519,LTF
,LTFOODS
,LTIM
,LTTS
539682,LUCENT
512048,LUHARUKA
,LUMAXIND
,LUMAXTECH
,LUPIN
,LUXIND
531402,LWSKNIT
,LXCHEM
505302,LXMIATO
,LYKALABS
530689,LYKISLTD
,LYPSAGEMS
,M&M
,M&MFIN
543624,MAAGHADV
,MAANALU
541973,MACH
523248,MACPLASQ
,MACPOWER
,MADHAV
539894,MADHAVIPL
,MADHUCON
515059,MADHUDIN
519279,MADHURIND
511000,MADHUSE
,MADRASFERT
500264,MAFATIND
543613,MAFIA
,MAGADSUGAR
512377,MAGANTR
544188,MAGENTA
517449,MAGNAELQ
,MAGNUM
519612,MAHAANF
,MAHABANK
505523,MAHACORP
513460,MAHALXSE
531515,MAHANIN
,MAHAPEXLTD
,MAHASTEEL
,MAHEPC
,MAHESHWARI
,MAHICKRA
,MAHLIFE
,MAHLOG
,MAHSCOOTER
,MAHSEAMLES
543874,MAIDEN
531540,MAINFRA
,MAITHANALL
500267,MAJESAUT
506919,MAKERSL
,MALLCOM
,MALUPAPER
,MANAKALUCO
,MANAKCOAT
,MANAKSIA
,MANAKSTEEL
,MANALIPETC
,MANAPPURAM
540402,MANAS
512595,MANBRO
505850,MANCREDIT
,MANGALAM
,MANGCHEFER
537800,MANGIND
,MANGLMCEM
,MANINDS
,MANINFRA
533078,MANJEERA
,MANKIND
,MANOMAY
,MANORAMA
,MANORG
,MANPASAND
530537,MANRAJH
511758,MANSIFIN
,MANUGRAPH
,MANYAVAR
,MAPMYINDIA
,MARALOVER
,MARATHON
523566,MARBU
500206,MARGOFIN
,MARICO
,MARINE
531503,MARIS
514060,MARKOBENZ
543364,MARKOLINES
,MARKSANS
,MARSHALL
517467,MARSONS
,MARUTI
,MASFIN
,MASKINVEST
,MASTEK
511768,MASTERTR
511688,MATHEWE
,MATRIMONY
,MAWANASUG
,MAXESTATES
,MAXHEALTH
534338,MAXHEIGHTS
540401,MAXIMUS
,MAXIND
,MAYURUNIQ
,MAZDA
,MAZDOCK
,MBAPL
,MBECL
,MBLINFRA
507836,MCCHRLS-B
,MCDHOLDING
,MCDOWELL-N
544106,MCFL
,MCL
,MCLEODRUSS
538891,MCLOUD
511401,MCLTD
544073,MCPL
534091,MCX
,MDL
513303,MDRNSTL
539762,MEAPL
,MEDANTA
503685,MEDIAONE
,MEDIASSIST
,MEDICAMEQ
523144,MEDICAPQ
,MEDICO
526301,MEDINOV
,MEDPLUS
540519,MEERA
531176,MEFCOMCAP
531417,MEGACOR
,MEGASOFT
,MEGASTAR
539012,MEGRISOFT
540730,MEHAI
511377,MEHIF
511738,MEHSECU
511740,MEHTAHG
,MELSTAR
531127,MENAMANI
531727,MENNPIS
,MENONBE
,MEP
538942,MERCANTILE
,MERCATOR
512415,MERCTRD
531357,MERCURYEV
538964,MERCURYLAB
543982,MESON
531810,METALCO
,METALFORGE
,METKORE
,METROBRAND
500159,METROGLOBL
,METROPOLIS
538401,METSL
526622,MFLINDIA
513721,MFSINTRCRP
,MFSL
,MGEL
,MGL
,MHLXMIRU
,MHRIL
526795,MHSGRMS
,MICEL
526251,MIDEASTP
,MIDHANI
500277,MIDINDIA
538895,MIHIKA
538668,MIIL
539938,MIL
541337,MILEFUR
511187,MILLENNIUM
522235,MINALIND
531456,MINAXI
,MINDACORP
543217,MINDSPACE
,MINDTECK
539383,MINFY
523373,MINID
532164,MINOLTAF
,MIRCELECTR
,MIRZAINT
544015,MISHDESIGN
539220,MISHKA
539594,MISHTANN
542801,MISQUITA
,MITCON
523782,MITSHI
540078,MITSU
,MITTAL
522036,MIVENMACH
538890,MKEXIM
,MKPL
521244,MKPMOB
526891,MKTCREAT
514238,MKVENTURES
512153,MLINDLTD
507621,MLKFOOD
,MMFL
535910,MMLF
,MMP
509196,MMRUBBR-B
,MMTC
512267,MMWL
539767,MNIL
507938,MNPLFIN
519287,MODAIRY
519003,MODINATUR
515008,MODINSU
503776,MODIPON
,MODIRUBBER
543539,MODIS
,MODISONLTD
509760,MODRNSH
,MODTHREAD
504273,MODULEX
503772,MODWOOL
532140,MOHITE
,MOHITIND
,MOIL
,MOKSH
,MOL
,MOLDTECH
,MOLDTKPAC
590115,MOM50
533385,MON100
,MONARCH
538446,MONEYBOXX
530167,MONGIPA
532078,MONIND
505343,MONOT
,MONTECARLO
,MORARJEE
511549,MORARKFI
,MOREPENLAB
526237,MORGAN
523160,MORGANITE
532407,MOSCHIP
,MOTHERSON
,MOTILALOFS
,MOTISONS
,MOTOGENFIN
542864,MOUNT
505797,MPCOSEMB
532723,MPDL
532470,MPFSL
,MPHASIS
500450,MPILCORPL
526143,MPL
,MPSLTD
,MPTODAY
540809,MRCAGRO
,MRF
,MRO-TEK
543262,MRP
,MRPL
512065,MRUTR
539275,MSL
,MSPL
508922,MSRINDIA
,MSTCLTD
,MSUMI
,MTARTECH
,MTEDUCARE
,MTNL
540254,MTPL
539819,MUDRA
538743,MUDUNURU
,MUFIN
,MUFTI
,MUKANDLTD
523832,MUKATPIP
530341,MUKESHB
,MUKKA
535204,MUKTA
,MUKTAARTS
539219,MUL
501477,MULLER
505594,MULTIIN
511200,MUNCAPM
,MUNJALAU
,MUNJALSHOW
531821,MUNOTHFI
542724,MURAE
,MURUDCERA
,MUTHOOTCAP
,MUTHOOTFIN
,MUTHOOTMF
,MVGJL
,MVL
538862,MYMONEY
535205,MYSTICELE
,NACLIND
,NAGAFERT
,NAGREEKCAP
,NAGREEKEXP
531832,NAGTECH
,NAHARCAP
,NAHARINDUS
,NAHARPOLY
,NAHARSPING
,NAKODA
539402,NAKSH
538395,NAM
,NAM-INDIA
538926,NAPL
519455,NARBADA
,NARMADA
517431,NARMP
531416,NARPROP
524654,NATCAPSUQ
,NATCOPHARM
531289,NATFIT
531651,NATGENI
,NATHBIOGEN
531834,NATHUEC
,NATIONALUM
504882,NATIONSTD
526616,NATPLAS
531287,NATPLASTI
530119,NATRAJPR
543579,NATURO
,NAUKRI
,NAVA
539521,NAVIGANT
,NAVINFLUOR
531494,NAVKAR
,NAVKARCORP
,NAVNETEDUL
543305,NAVODAYENT
,NAZARA
,NBCC
523242,NBFOOT
,NBIFIN
543351,NBL
,NCC
519506,NCCBLUE
,NCLIND
530557,NCLRESE
511535,NDASEC
,NDGL
,NDL
,NDLVENTURE
,NDRAUTO
,NDTV
508670,NEAGI
,NECCLTD
,NECLIFE
512565,NEELKANTH
539409,NEERAJ
539016,NEIL
,NELCAST
,NELCO
,NEOGEN
514332,NEOINFRA
,NESCO
,NESTLEIND
509040,NETLINK
543247,NETPIX
511658,NETTLINX
,NETWEB
,NETWORK18
,NEULANDLAB
,NEWGEN
531959,NEWINFRA
540243,NEWLIGHT
,NEXTMEDIA
538874,NEXUSSURGL
,NFL
,NGIL
530897,NGIND
,NGLFINE
,NH
517554,NHCFOODS
,NHPC
,NIACL
535136,NIBE
,NIBL
526721,NICCOPAR
590103,NIFTYBEES
531083,NIHARINF
,NIITLTD
,NIITMTS
531272,NIKKIGL
543282,NIKSTECH
502294,NILACHAL
,NILAINFRA
,NILASPACES
,NILKAMAL
511714,NIMBSPROJ
,NINSYS
,NIPPOBATRY
,NIRAJ
,NIRAJISPAT
512425,NIRAVCOM
526349,NIRBHAYIND
500307,NIRLON
543194,NIRMITEE
,NITCO
508875,NITINCAST
,NITINFIRE
,NITINSPIN
,NITIRAJ
542206,NIVAKA
538772,NIYOGIN
,NKIND
,NLCINDIA
531212,NLFL
,NMDC
522289,NMSRESRC
,NOCIL
,NOIDATOLL
,NORBTEAEXP
524414,NORRIS
539110,NORTHLINK
531465,NOUVEAU
,NOVAAGRI
500672,NOVARTIND
542771,NOVATEOR
513566,NOVIS
530127,NPRFIN
,NRAIL
,NRBBEARING
,NRL
,NSIL
542628,NSL
,NSLNISP
526723,NTCIND
,NTL
,NTPC
,NUCLEUS
,NURECA
531304,NUTECGLOB
,NUTEK
,NUVAMA
,NUVOCO
543913,NXST
,NYKAA
504378,NYSSACORP
,OAL
512489,OASISEC
,OBCL
,OBEROIRLTY
,OCCL
538894,OCTAL
521062,OCTAVE
542938,OCTAVIUSPL
540416,OCTAWARE
531996,ODYCORP
530175,ODYSSEY
,OFSS
,OIL
,OILCOUNTUB
530805,OIVL
526415,OKPLA
543578,OLATECH
,OLECTRA
534190,OLPCL
521105,OLYMPTX
507609,OLYOI
,OMAXAUTO
,OMAXE
511644,OMEGAIN
,OMINFRAL
,OMKARCHEM
532340,OMNIAX
543400,OMNIPOTENT
514324,OMNITEX
514330,ONEGLOBAL
,ONELIFECAP
,ONEPOINT
,ONGC
,ONMOBILE
540386,ONTIC
,ONWARDTEC
535657,OONE
539116,OPCHAINS
,OPTIEMUS
531254,OPTIFIN
,OPTOCIRCUI
,ORBTEXP
532271,ORCHASP
,ORCHPHARMA
543997,ORGANICREC
507690,ORIBEVER
,ORICONENT
,ORIENTALTL
,ORIENTBELL
,ORIENTCEM
,ORIENTCER
,ORIENTELEC
,ORIENTHOT
,ORIENTLTD
,ORIENTPPR
531512,ORIENTTR
531859,ORIRAIL
,ORISSAMINE
531626,OROSMITHS
,ORTEL
,ORTINLAB
530173,OSCARGLO
509782,OSEASPR
,OSIAHYPER
540198,OSIAJEE
,OSWALAGRO
,OSWALGREEN
531065,OSWALOR
,OSWALSEEDS
514460,OSWAYRN
523151,OTCO
530741,OVOBELE
524636,OXYGENTAPH
543637,PACE
523483,PACIFICI
531779,PADALPO
531395,PADAMCO
532350,PADMALAYAT
,PAGEIND
,PAISALO
,PAKKA
,PALASHSECU
541444,PALMJEWELS
,PALREDTEC
538742,PANABYTE
,PANACEABIO
,PANACHE
504093,PANAENERG
538860,PANAFIC
,PANAMAPET
508941,PANCARBON
513511,PANCHMAHQ
531726,PANCHSHEEL
517397,PANELEC
511525,PANINDIAC
526345,PANJON
506122,PANKAJPIYUS
531280,PANKAJPO
539469,PANORAMA
,PANSARI
539143,PANTH
530291,PAOS
,PAR
,PARACABLES
,PARADEEP
,PARAGMILK
531255,PARAGONF
,PARAS
,PARASPETRO
524628,PARKERAC
,PARKHOTELS
532911,PARLEIND
540359,PARMAX
507970,PARMCOS-B
506128,PARNAXLAB
542694,PARSHVA
511176,PARSHWANA
,PARSVNATH
541347,PARVATI
521080,PASARI
,PASHUPATI
511734,PASUFIN
,PASUPTAC
503092,PASUSPG
,PATANJALI
,PATELENG
517417,PATELSAI
524031,PATIDAR
,PATINTLOG
514326,PATSPINLTD
,PAVNAIND
,PAYTM
532676,PBAINFRA
514087,PBMPOLY
,PCBL
524136,PCCOSMA
,PCJEWELLER
543814,PCL
517119,PCS
,PDMJEPAPER
,PDPL
,PDSL
,PEARLPOLY
539273,PECOS
531352,PEETISEC
,PEL
,PENIND
,PENINLAND
501144,PEOPLIN
504132,PERMAGN
,PERSISTENT
517172,PERVASIVE
544141,PESB
524046,PETPLST
,PETRONET
,PFC
,PFIZER
,PFOCUS
,PFS
543540,PGCRL
,PGEL
,PGHH
,PGHL
,PGIL
543290,PGINVIT
524572,PHARMAID
500143,PHCAP
,PHOENIXLTD
537839,PHOENIXTN
526481,PHOENXINTL
509084,PHOTON
526588,PHOTOQUP
523620,PHRMASI
512026,PHTRADING
530305,PICCADIL
507498,PICCASUG
532355,PICTUREHS
,PIDILITIND
,PIGL
,PIIND
,PILANIINVS
,PILITA
519439,PIONAGR
,PIONEEREMB
507864,PIONRINV
544178,PIOTEX
,PITTIENG
,PIXTRANS
539401,PJL
,PKTEA
,PLASTIBLEN
,PLATIND
,PLAZACABLE
534060,PMCFIN
539113,PML
513403,PMTELELIN
,PNB
,PNBGILTS
,PNBHOUSING
,PNC
,PNCINFRA
543352,POBS
,POCL
,PODDARHOUS
,PODDARMENT
,POKARNA
,POLICYBZR
526687,POLOHOT
,POLYCAB
526043,POLYCHMP
531397,POLYCON
537573,POLYMAC
,POLYMED
,POLYPLEX
539354,POLYSPIN
,PONNIERODE
540727,POOJA
532011,POOJAENT
519359,POONADAL
,POONAWALLA
530565,POPEES
531870,POPULARES
532933,PORWAL
,POWERGRID
,POWERINDIA
,POWERMECH
,PPAP
,PPL
,PPLPHARMA
540717,PQIF
530361,PRABHHANS
530095,PRADHIN
513532,PRADPME
,PRAENG
500192,PRAGBOS
,PRAJIND
,PRAKASH
,PRAKASHSTL
531637,PRAVEG
,PRAXIS
,PRECAM
517258,PRECISIO
,PRECOT
,PRECWIRE
511016,PREMCAP
530331,PREMCO
,PREMEXPLN
,PREMIER
,PREMIERPOL
509835,PREMSYN
531802,PRERINFRA
526773,PRESSURS
,PRESTIGE
543363,PREVEST
,PRICOLLTD
519262,PRIMAGR
531246,PRIMAIN
530589,PRIMAPLA
535514,PRIMECAPM
540404,PRIMEFRESH
530695,PRIMEPRO
,PRIMESECU
521149,PRIMEURB
519299,PRIMIND
,PRINCEPIPE
531735,PRISMFN
512217,PRISMMEDI
501314,PRISMX
531688,PRITHVIEXCH
,PRITI
,PRITIKAUTO
,PRIVISCL
524580,PRIYALT
540703,PROCLB
511557,PROFINC
526494,PROMACT
543375,PROMAX
544021,PROTEAN
,PROZONER
,PRSMJOHNSN
519014,PRSNTIN
,PRUDENT
,PRUDMOULI
,PSB
505502,PSITINFRA
,PSPPROJECT
590107,PSUBANK
590108,PSUBNKBEES
,PTC
,PTCIL
,PTL
512591,PULSRIN
,PUNJABCHEM
500346,PUNJCOMMU
,PUNJLLOYD
538993,PUROHITCON
540159,PURPLE
538647,PURSHOTTAM
,PURVA
,PVP
,PVRINOX
,PVSL
536659,PVVINFRA
531437,PWASML
,PYRAMID
534109,PYXISFIN
538646,QGO
590099,QGOLDHALF
544091,QLL
590110,QNIFTY
543460,QRIL
511116,QUADRANT
538596,QUANTBUILD
530281,QUANTDIA
538452,QUASAR
,QUESS
535719,QUEST
500069,QUESTCAP
,QUICKHEAL
539515,QUINT
,QUINTEGRA
524502,RAAJMEDI
,RACE
520073,RACLGEAR
541703,RACONTEUR
,RADAAN
531273,RADHEDE
,RADHIKAJWE
,RADIANTCMS
,RADICO
,RADIOCITY
531412,RADIXIND
538921,RAFL
526813,RAGHUNAT
514316,RAGHUSYN
531552,RAGHUTOB
531887,RAHME
,RAILTEL
,RAIN
,RAINBOW
531694,RAINBOWF
,RAINBOWPAP
503127,RAJABAH
507962,RAJATH
,RAJESHEXPO
526823,RAJINFRA
539495,RAJKOTINV
514028,RAJKSYN
,RAJMET
541601,RAJNISH
522257,RAJOOENG
530111,RAJPACK
532503,RAJPALAYAM
539090,RAJPUTANA
,RAJRATAN
,RAJRILTD
506975,RAJSPTR
,RAJSREESUG
530253,RAJTUBE
,RAJTV
511185,RAJVI
,RAJVIR
,RALLIS
,RAMANEWS
,RAMAPHO
515127,RAMASIGNS
,RAMASTEEL
523289,RAMAVISION
,RAMCOCEM
,RAMCOIND
,RAMCOSYS
514223,RAMGOPOLY
530951,RAMINFO
,RAMKY
,RAMRAT
530925,RAMSONS
,RANASUG
531228,RANDER
,RANEENGINE
,RANEHOLDIN
541945,RANJEET
531583,RAP
500360,RAPICUT
501351,RAPIDIN
522207,RASANDIK
531233,RASIELEC
507966,RASRESOR
,RATEGAIN
532918,RATHIBAR
504903,RATHIST
540796,RATNABHUMI
,RATNAMANI
,RATNAVEER
507300,RAVALSUGAR
526640,RAYALEMA
,RAYMOND
,RBA
532024,RBGUPTA
,RBL
,RBLBANK
,RBZJEWEL
543285,RCAN
538707,RCCL
,RCF
539673,RCL
,RCOM
533285,RDBRIL
533608,RDBRL
530053,REALECO
,RECLTD
,REDINGTON
,REDTAPE
543617,REETECH
,REFEX
531260,REFEXRENEW
,REGENCERAM
540175,REGENCY
512624,REGENTRP
543208,REGIS
511585,REGTRUS
,RELAXO
,RELCAPITAL
,RELCHEMQ
,RELIABLE
532124,RELIABVEN
,RELIANCE
539760,RELICAB
511712,RELICTEC
,RELIGARE
,RELINFRA
504341,RELTD
513043,REMIEDEL
539561,REMLIFE
,REMSONSIND
,RENUKA
,REPCOHOME
,REPL
,REPRO
543805,RESGEN
,RESPONIND
538273,RESPONSINF
515085,RESTILE
543902,RETINA
524504,REVAORG
531888,REXNORD
543744,REXSEAL
543256,RFLL
539435,RFSL
539669,RGF
,RGL
519191,RGRL
543590,RHETAN
,RHFL
,RHIM
,RHL
531952,RIBATEX
532766,RICHAIND
,RICOAUTO
524480,RIDDHI
540590,RIDDHICORP
504365,RIDHISYN
,RIIL
517035,RIR
530251,RISAINTL
,RISHABH
531539,RISHDIGA
526861,RISHILASE
526492,RISHIROOP
523021,RISHITECH
,RITCO
,RITES
540843,RITHWIKFMS
509845,RJSHAH
,RKDL
,RKEC
,RKFORGE
,RKSWAMY
512618,RLF
538540,RLFL
540358,RMC
,RMCL
,RML
,RMMIL
,RNAVAL
538119,RNBDENIMS
543787,ROBU
531822,RODIUM
,ROHLTD
543171,ROJL
505807,ROLCOEN
,ROLEXRINGS
,ROLLT
,ROLTA
,ROML
542145,RONI
530991,ROOPAIND
542599,ROOPSHRI
531324,ROSELABS
512115,ROSEMER
,ROSSARI
,ROSSELLIND
,ROTO
,ROUTE
544143,ROYAL
526193,ROYALCU
512047,ROYALIND
539837,RPEL
,RPGLIFE
,RPOWER
,RPPINFRA
,RPPL
,RPSGVENT
,RPTECH
530525,RRETAIL
511626,RRFIN
531307,RRIL
,RRKABEL
530917,RRSECUR
539875,RSDFIN
,RSSOFTWARE
540082,RSTL
,RSWM
,RSYSTEMS
538611,RTFL
,RTNINDIA
,RTNPOWER
531215,RTSPOWR
500367,RUBFILA
,RUBYMILLS
,RUCHINFRA
,RUCHIRA
539226,RUDRA
514010,RUDRAECO
544121,RUDRAGAS
530449,RUNGTAIR
,RUPA
,RUSHIL
,RUSTOMJEE
,RVHL
,RVNL
,S&SPOWER
539112,SAB
,SABEVENTS
530461,SABOOSOD
530943,SABTNL
,SADBHAV
,SADBHIN
540821,SADHNA
,SADHNANIQ
,SAFARI
540715,SAGAR
,SAGARDEEP
540143,SAGARSOFT
511254,SAGARSYST
,SAGCEM
507663,SAGRSOY-B
,SAH
511533,SAHARAHOUS
511754,SAHLIBHFI
,SAHYADRI
544170,SAI
531931,SAICAPI
512097,SAICOM
,SAIL
543541,SAILANI
515043,SAINTGOBAIN
,SAKAR
,SAKHTISUG
,SAKSOFT
511066,SAKTHIFIN
,SAKUMA
,SALASAR
539353,SALAUTO
540181,SALEM
,SALONA
500370,SALORAINTL
503635,SALSAIN
,SALSTEEL
,SALZERELEC
521240,SAMBANDAM
,SAMBHAAV
,SAMHI
532005,SAMINDUS
520075,SAMKRG
543376,SAMOR
,SAMPANN
530617,SAMPRE
543229,SAMRATFORG
530125,SAMRATPH
539267,SAMSRITA
521206,SAMTEX
530025,SAMYAKINT
521222,SANBLUE
511563,SANCF
,SANCO
543897,SANCODE
523116,SANCTRN
,SANDESH
,SANDHAR
,SANDUMA
524703,SANDUPHQ
538714,SANGAMFIN
,SANGAMIND
,SANGHIIND
,SANGHVIMOV
,SANGINITA
532435,SANINFRA
531569,SANJIVIN
,SANOFI
,SANSERA
514280,SANTETX
530035,SANTOSHF
,SANWARIA
538992,SAPL
,SAPPHIRE
,SARDAEN
,SAREGAMA
,SARLAPOLY
531930,SARTHAKIND
514412,SARUPINDUS
,SARVESHWAR
539124,SARVOTTAM
,SASKEN
,SASTASUNDR
524546,SATAGRI
533202,SATCH
,SATHAISPAT
,SATIA
,SATIN
,SATINDLTD
508996,SATRAPROP
544189,SATTRIX
539218,SAUMYA
,SAURASHCEM
512634,SAVERA
531893,SAWABUSI
523710,SAYAJIHOTL
540728,SAYAJIIND
,SBC
,SBCL
532102,SBECSUG
517360,SBECSYS
,SBFC
521131,SBFL
,SBGLP
,SBICARD
,SBILIFE
,SBIN
543366,SBLI
540782,SBRANDS
544074,SBVCL
526081,SCAGRO
526544,SCANPGEOM
543537,SCARNOSE
506906,SCBL
538857,SCC
,SCHAEFFLER
,SCHAND
,SCHNEIDER
,SCI
,SCILAL
539574,SCL
531234,SCOOBEEDAY
,SCPL
539526,SCTL
,SDBL
535647,SDC
524727,SDL
542753,SEACOAST
543782,SEALMATIC
,SEAMECLTD
514264,SEASONST
533268,SEATV
,SECMARK
,SECURCRED
,SECURKLOUD
539921,SEIL
,SEJALLTD
,SELAN
538875,SELLWIN
,SELMC
,SEMAC
543515,SEML
,SENCO
531980,SENINFO
532985,SENSEX1
555555,SENSEXIETF
,SEPC
,SEQUENT
512399,SERA
531944,SERVOTEACH
,SERVOTECH
,SESHAPAPER
,SETCO
590098,SETFGOLD
,SETUINFRA
511760,SEVENHILL
,SEYAIND
,SFL
543519,SFSL
539199,SGFIN
543391,SGFRL
,SGIL
,SGL
512329,SGMART
531812,SGNTE
540737,SGRL
,SHAH
,SHAHALLOYS
509870,SHAHCON
519031,SHAHFOOD
526508,SHAHISHIP
542862,SHAHLON
,SHAILY
526841,SHAKTIPR
,SHAKTIPUMP
,SHALBY
532455,SHALIWIR
,SHALPAINTS
512499,SHALPRO
531240,SHAMROIN
540259,SHANGAR
,SHANKARA
512297,SHANTAI
,SHANTI
544059,SHANTIDENM
,SHANTIGEAR
534708,SHANTIGURU
531925,SHAQUAK
,SHARDACROP
,SHARDAMOTR
512393,SHARDUL
,SHAREINDIA
590109,SHARIABEES
540786,SHARIKA
538212,SHARPINV
543341,SHARPLINE
540221,SHASHANK
540147,SHASHIJIT
526981,SHBAJRG
543963,SHELTER
,SHEMAROO
526117,SHERVANI
539111,SHESHAINDS
526137,SHETR
530797,SHGANEL
507952,SHIKHARLETR
531201,SHILCTECH
513709,SHILGRAVQ
544080,SHILINDORE
,SHILPAMED
519397,SHINDL
543244,SHINEFASH
,SHIRPUR-G
540693,SHISHIND
539593,SHIVA
522237,SHIVAGR
,SHIVALIK
544165,SHIVAM
,SHIVAMAUTO
,SHIVAMILLS
,SHIVATEX
,SHK
532083,SHKALYN
543970,SHOORA
,SHOPERSTOP
544090,SHPLPUNE
543976,SHRAAITECH
531771,SHRADDHA
,SHRADHA
513548,SHRDAIS
,SHREDIGCEM
544083,SHREE
,SHREECEM
539470,SHREEGANES
527005,SHREEPAC
,SHREEPUSHK
,SHREERAMA
538975,SHREESEC
541112,SHREESHAY
531962,SHREMETAL
,SHRENIK
,SHREYANIND
,SHREYAS
508961,SHRICON
503804,SHRIDINE
523309,SHRIGANG
531080,SHRIKRISH
,SHRIPISTON
,SHRIRAMFIN
,SHRIRAMPPS
511411,SHRISTI
512453,SHRJAGP
511493,SHRYDUS
542019,SHUBHAM
523790,SHUKJEW
524632,SHUKRAPHAR
532007,SHVFL
521003,SHVSUIT
531219,SHYAMAINFO
,SHYAMCENT
,SHYAMMETL
,SHYAMTEL
505515,SHYMINV
520141,SIBARAUT
533014,SICAGEN
,SICALLOG
530907,SICAPIT
531640,SICL
530439,SIDDHA
526877,SIDDHEGA
519234,SIEL
532217,SIELFNS
,SIEMENS
,SIGACHI
,SIGIND
,SIGMA
,SIGNATURE
,SIGNPOST
523606,SIKA
,SIKKO
524642,SIKOZY
,SIL
,SILGO
,SILINV
,SILLYMONKS
512197,SILVERO
543536,SILVERPRL
,SILVERTUC
,SIMBHALS
507998,SIMMOND
513472,SIMPLEXCAS
,SIMPLEXINF
533018,SIMPLXMIL
503229,SIMPLXREA
519566,SIMRAN
523023,SINCLAIR
,SINDHUTRAD
505504,SINDUVA
505729,SINGER
509887,SINNAR
,SINTERCOM
526839,SIPL
539584,SIPTL
,SIRCA
538667,SIROHIA
,SIS
543598,SISL
512589,SITAENT
,SITINET
544047,SIYARAM
,SIYSIL
,SJS
,SJVN
,SKFINDIA
542728,SKIEL
542146,SKIFL
,SKIL
538919,SKILVEN
,SKIPPER
540269,SKL
,SKMEGGPROD
531169,SKPSEC
531506,SKRABUL
,SKYGOLD
526479,SKYIND
505650,SKYLMILAR
521161,SLSTLQ
544056,SMARITIME
539494,SMARTFIN
,SMARTLINK
543065,SMAUTO
,SMCGLOBAL
541799,SMEL
513418,SMFIL
542034,SMGOLD
508905,SMIFS
539378,SML
,SMLISUZU
,SMLT
540686,SMRUTHIORG
,SMSLIFE
,SMSPHARMA
505827,SNL
,SNOWMAN
,SOBHA
512014,SOBME
511571,SODFC
538923,SOFCOM
504375,SOFTBPO
531529,SOFTRAKV
532344,SOFTSOL
,SOFTTECH
,SOLARA
,SOLARINDS
522152,SOLIMAC
,SOMANYCERA
,SOMATEX
,SOMICONVEY
,SONACOMS
538943,SONAL
543924,SONALIS
,SONAMLTD
,SONATSOFTW
,SONISOYA
,SOTL
521036,SOURCEIND
531398,SOURCENTRL
,SOUTHBANK
540174,SOUTHERNIN
,SOUTHWEST
514454,SOUTLAT
523826,SOVERDIA
541890,SPACEINCUBA
,SPAL
,SPANDANA
531370,SPAR
,SPARC
530289,SPCAPIT
,SPCENET
531982,SPECFOOD
,SPECIALITY
513687,SPECTRA
517166,SPELS
,SPENCERS
526161,SPENTA
,SPENTEX
,SPIC
526827,SPICEISL
500285,SPICEJET
543464,SPITZE
544035,SPL
,SPLIL
,SPLPETRO
,SPMLINFRA
,SPORTKING
540079,SPRAYKING
531205,SPRIGHT
538402,SPS
533110,SPSL
,SPTL
519238,SPTRSHI
512221,SPVGLOBAL
,SPYL
531359,SRAMSET
530037,SREEJAYA
,SREEL
539217,SRESTHA
,SRF
,SRGHFL
536710,SRGSFL
,SRHHYPOLTD
514442,SRIKPRIND
521234,SRINACHA
513515,SRIND
544158,SRM
521178,SRMCL
523222,SRMENERGY
,SRPL
543615,SRSOLTD
540914,SRUSTEELS
,SSINFRA
532879,SSLEL
530821,SSPDL
539026,SSPNFIN
543461,SSTL
,SSWL
513488,SSWRL
544171,STAL
511700,STANCAP
530931,STANPACK
506105,STANROS
,STAR
,STARCEMENT
539255,STARDELTA
,STARHEALTH
539017,STARHFL
538733,STARLIT
520155,STARLOG
,STARPAPER
,STARTECK
,STCINDIA
514197,STCORP
504180,STDBAT
,STEELCAS
,STEELCITY
,STEELXIND
,STEL
536738,STELLAR
531509,STEP2COR
513575,STERPOW
,STERTOOLS
540738,STL
513173,STLSTRINF
,STLTECH
543622,STML
504959,STOVACQ
,STOVEKRAFT
530495,STRATMONT
526500,STRGRENWO
508963,STRLGUA
,STYLAMIND
,STYRENIX
,SUBEXLTD
,SUBROS
530231,SUBSM
,SUDARSCHEM
521113,SUDTIND-B
511654,SUGALDAM
539117,SUJALA
,SUKHJITS
,SULA
508969,SULABEN
530419,SUMEDHA
,SUMEETINDS
530445,SUMERUIND
,SUMICHEM
,SUMIT
,SUMMITSEC
532070,SUMUKA
530795,SUNCITYSY
,SUNCLAY
,SUNDARAM
,SUNDARMFIN
,SUNDARMHLD
,SUNDRMBRAK
,SUNDRMFAST
,SUNFLAG
531433,SUNGOLD
530953,SUNILAGR
521232,SUNILTX
544001,SUNITATOOL
537253,SUNLOC
,SUNPHARMA
523425,SUNRAJDI
542025,SUNRETAIL
501110,SUNRINV
,SUNTECK
,SUNTV
512527,SUPER
530735,SUPERBAK
,SUPERHOUSE
539835,SUPERIOR
541701,SUPERSHAKT
,SUPERSPIN
526133,SUPERTEX
,SUPRAJIT
540168,SUPRAPFSL
530677,SUPREME
,SUPREMEENG
,SUPREMEIND
,SUPREMEINF
,SUPRIYA
523842,SUPTANERY
518075,SURAJ
,SURAJEST
531638,SURAJLTD
,SURANASOL
,SURANAT&P
530185,SURATRAML
519604,SURFI
526211,SURJIND
533101,SURYAAMBA
539253,SURYAINDIA
514138,SURYALA
,SURYALAXMI
,SURYAROSNI
,SURYODAY
514140,SURYVANSP
,SUTLEJTEX
,SUULD
543274,SUUMAYA
,SUVEN
,SUVENPHAR
,SUVIDHAA
537259,SUYOG
,SUZLON
531885,SVAINDIA
523722,SVAMSOF
512257,SVARTCORP
524488,SVCIND
535621,SVGLOBAL
,SVLL
,SVPGLOB
543373,SVRL
543745,SVS
503659,SW1
503816,SWADPOL
539406,SWAGTAM
544082,SWANAGRO
,SWANENERGY
,SWARAJENG
526365,SWARNSAR
530585,SWASTIKA
510245,SWASTIVI
543914,SWATIPRO
,SWELECTES
523558,SWISSMLTRY
517201,SWITCHTE
531003,SWRNASE
,SWSOLAR
531499,SYBLY
511447,SYLPH
539278,SYMBIOX
,SYMPHONY
,SYNCOMF
,SYNGENE
513307,SYNTHFO
,SYRMA
531173,SYSCHEM
526506,SYSTMTXC
531432,SYTIXSE
539956,TAALENT
516032,TAHMARENT
519483,TAIIND
,TAINWALCHM
,TAJGVK
,TAKE
,TALBROAUTO
538987,TALBROSENG
,TALWALKARS
,TALWGYM
533170,TAMBOLIIN
522229,TANAA
,TANLA
540332,TANVI
505685,TAPARIA
,TARACHAND
519285,TARAI
,TARAPUR
,TARC
538496,TARINI
,TARMAT
,TARSONS
512271,TASHIND
,TASTYBITE
,TATACHEM
,TATACOMM
,TATACONSUM
,TATAELXSI
,TATAINVEST
,TATAMOTORS
570001,TATAMTRDVR
,TATAPOWER
,TATASTEEL
,TATATECH
504961,TATAYODOGA
521228,TATIAGLOB
,TATVA
544174,TBOTEK
,TBZ
512038,TCC
532284,TCFCFINQ
,TCI
,TCIEXP
,TCIFINANCE
532262,TCIIND
,TCLCONS
,TCNSBRANDS
,TCPLPACK
,TCS
,TDPOWERSYS
540955,TDSL
,TEAMLEASE
509917,TECHCON
,TECHIN
543991,TECHKGREEN
,TECHM
,TECHNOE
,TECHNOFAB
543656,TECHNOPACK
501421,TECHNVISN
,TECILCHEM
,TEGA
,TEJASNET
531628,TEJASSVI
539428,TEJNAKSH
530595,TELECANOR
532315,TELESYS
532975,TELOGICA
,TEMBO
530533,TERAI
,TERASOFT
526638,TEXELIN
,TEXINFRA
,TEXMOPIPES
,TEXRAIL
,TFCILTD
,TFL
539468,TFSL
,TGBHOTELS
544175,TGIF
509945,THACKER
526654,THAKDEV
509015,THAKRAL
,THANGAMAYL
,THEINVEST
,THEJO
,THEMISMED
,THERMAX
539310,THINKINK
531652,THIRDFIN
,THOMASCOOK
,THOMASCOTT
,THYROCARE
,TI
540108,TIAANC
,TIDEWATER
543531,TIERRA
536264,TIGERLOGS
522294,TIGLOB
523752,TIHIL
,TIIL
,TIINDIA
,TIJARIA
,TIL
503663,TILAK
543310,TIMESGREEN
,TIMESGTY
,TIMETECHNO
500414,TIMEX
,TIMKEN
541741,TINNATFL
,TIPSFILMS
,TIPSINDLTD
531814,TIRSARJ
526675,TIRTPLS
540904,TIRUFOAM
,TIRUMALCHM
,TIRUPATIFL
524582,TIRUSTA
539985,TITAANIUM
,TITAGARH
,TITAN
521005,TITANIN
530045,TITANSEC
543616,TLL
,TMB
522171,TMTIND-B1
,TNPETRO
,TNPL
513540,TNSTLTU
,TNTELE
531644,TOKYOFIN
,TOKYOPLAST
,TORNTPHARM
,TORNTPOWER
,TOTAL
544186,TOTEM
,TOUCHWOOD
538607,TOYAMSL
,TPHQ
500421,TPINDIA
,TPLPLASTEH
538464,TPROJECT
526139,TRABI
,TRACXN
531203,TRADEWELL
509003,TRANOCE
500422,TRANSCHEM
532410,TRANSCOR
519367,TRANSFD
513063,TRANSFRE
542765,TRANSPACT
543754,TRANSVOY
542923,TRANWAY
,TREEHOUSE
,TREJHARA
,TREL
,TRENT
532159,TRESCON
,TRF
531716,TRICOMFRU
,TRIDENT
,TRIGYN
,TRIL
509046,TRILIANCE
531846,TRINITYLEA
534755,TRIOMERC
512101,TRIPR
531279,TRISHAKT
505978,TRITONV
,TRITURBINE
,TRIVENI
538569,TRIVENIENT
541228,TRL
,TRU
532444,TSPIRITUAL
540726,TTFL
538597,TTIENT
539040,TTIL
,TTKHLTCARE
,TTKPRESTIG
,TTL
,TTML
505285,TULIVE
513629,TULSYAN
531411,TUNITEX
,TV18BRDCST
,TVSELECT
,TVSHLTD
,TVSMOTOR
,TVSSCS
,TVSSRICHAK
,TVTODAY
,TVVISION
512117,TWIROST
532384,TYCHE
526945,TYROON
,UBL
,UCAL
541358,UCIL
,UCOBANK
539518,UDAYJEW
,UDS
,UFLEX
,UFO
,UGARSUGAR
,UGROCAP
541338,UHZAVERI
,UJJIVAN
,UJJIVANSFB
538706,ULTRACAB
,ULTRACEMCO
,UMAEXPORTS
,UMANGDAIRY
,UMESLTD
504605,UNIABEXAL
539314,UNIAUTO
,UNICHEMLAB
541503,UNICK
,UNIDT
,UNIENTER
,UNIINFO
503671,UNIJOLL
523519,UNIOFFICE
,UNIONBANK
,UNIPARTS
,UNIPLY
530997,UNIQUEO
521226,UNIROYAL
537582,UNISHIRE
538610,UNISON
532035,UNISTRMU
531091,UNITDCR
532432,UNITDSPR
,UNITECH
502893,UNITEDINT
,UNITEDPOLY
,UNITEDTEA
,UNITY
,UNIVAFOODS
,UNIVASTU
,UNIVCABLES
,UNIVPHOTO
524408,UNIVSTAR
512408,UNIWSEC
531762,UNJHAFOR
,UNOMINDA
526113,UNRYLMA
507808,UNTTEMI
509960,UPHOT
,UPL
531390,UPSURGE
,URAVI
,URJA
539097,URSUGAR
532402,USGTECH
511507,USHAKIRA
,USHAMART
,USK
,UTIAMC
,UTKARSHBNK
500426,UTLINDS
,UTTAMSUGAR
522091,UVDRHOR
530579,UYFINCORP
,V2RETAIL
532320,VAARAD
,VADILALIND
519152,VADILENT
,VAIBHAVGBL
,VAISHALI
,VAKRANGEE
,VALECHAENG
542910,VALENCIA
526775,VALIANT
,VALIANTLAB
,VALIANTORG
513397,VALLABHSQ
539543,VALLEY
530459,VALSONQ
512175,VAMA
530369,VAMSHIRU
532090,VANDANA
538918,VANICOM
540729,VANTABIO
,VARDHACRLC
,VARDMNPOLY
540570,VARIMAN
,VARROC
512511,VARUNME
544168,VARYAA
,VASCONEQ
531574,VASINFRA
539291,VASUDHAGAM
538092,VASUPRADA
,VASWANI
511110,VBDESAI
539123,VBIND
,VBL
,VCL
536672,VCU
543623,VEDANTASSET
533056,VEDAVAAG
,VEDL
543931,VEEFIN
503657,VEERENRGY
511523,VEERHEALTH
543545,VEERKRUPA
542803,VEL
526755,VELHO
505232,VELJAN
506178,VELOXIND
,VENKEYS
516098,VENTURA
,VENUSPIPES
,VENUSREM
,VERANDA
512229,VERITAS
531950,VERTEX
,VERTOZ
,VESUVIUS
,VETO
538732,VGCL
543241,VGIL
,VGUARD
,VHL
503349,VICTMILL
,VIDEOIND
,VIDHIING
539659,VIDLI
,VIJAYA
,VIJIFIN
531069,VIJSOLX
531334,VIKALPS
,VIKASECO
,VIKASLIFE
531518,VIKASPROP
519307,VIKASWSP
506196,VIKSHEN
,VIMTALABS
,VINATIORGA
534639,VINAYAKPOL
538920,VINCOFE
,VINDHYATEL
,VINEETLAB
,VINNY
531051,VINTAGES
517393,VINTRON
,VINYLINDIA
,VIPCLOTHNG
,VIPIND
514302,VIPPYSP
,VIPULLTD
530521,VIRAT
519457,VIRATCRA
532354,VIRGOGLOB
,VIRINCHI
534741,VIRTUALG
512479,VIRYA
531025,VISAGAR
,VISAKAIND
,VISASTEEL
540097,VISCO
,VISESHINFO
538598,VISHAL
539398,VISHALBL
,VISHNU
,VISHWARAJ
526441,VISIONCINE
531668,VISIONCO
524711,VISTAPH
538565,VISTARAMAR
,VISUINTL
512064,VISVEN
544002,VIVAA
541735,VIVANTA
530057,VIVANZA
,VIVIDHA
542046,VIVIDM
,VIVIMEDLAB
511509,VIVOBIOT
522267,VJLAXMIE
509026,VJTFEDU
539761,VKAL
,VLEGOV
539167,VLL
,VLSFINANCE
,VMART
533427,VMS
543597,VOEPL
522122,VOITHPAPR
509038,VOLLF
,VOLTAMP
,VOLTAS
544011,VPL
,VPRPL
542654,VRFILMS
538634,VRL
,VRLLOG
544157,VRUDDHI
523888,VRWODAR
,VSCL
531696,VSDCONF
519331,VSFPROJ
540252,VSL
,VSSL
,VSTIND
,VSTL
,VSTTILLERS
,VTL
532893,VTMLTD
531997,VUENOW
517399,VXLINSTR
541445,WAA
539337,WAAREE
534618,WAAREERTL
,WABAG
503675,WAGEND
,WALCHANNAG
501370,WALCHPF
532053,WALLFORT
,WANBURY
512063,WARDHEALTH
538970,WARDINMOBI
539132,WARDWIZFBL
508494,WARRENTEA
523660,WATERBASE
,WEALTH
,WEBELSOLAR
,WEIZMANIND
,WEL
,WELCORP
524661,WELCURE
,WELENT
,WELINV
500365,WELSPLSOL
,WELSPUNLIV
,WENDT
532373,WEPSOLN
538382,WESTLEIRES
,WESTLIFE
,WEWIN
501391,WHBRADY
,WHEELS
,WHIRLPOOL
513713,WHITEORG
512431,WHITHAL
,WILLAMAGOR
519214,WILLIMFI
526586,WIMPLAST
,WINDLAS
,WINDMACHIN
531337,WINPRO
512022,WINROC
526471,WINSOMBR
,WINSOME
514470,WINSOMTX
,WIPL
,WIPRO
507817,WIREFABR
543436,WITS
504998,WMINIMT
,WOCKPHARMA
531396,WOMENNET
,WONDERLA
526959,WOODSVILA
542667,WORL
,WORTH
505872,WPIL
511147,WSFX
,WSI
,WSTCSTPAPR
526525,WWALUM
,XCHANGING
,XELPMOC
,XPROINDIA
531225,XTGLOBAL
538521,YAANENT
,YAARI
511012,YAMNINV
514378,YARNSYN
523650,YASHINNO
511601,YASHMGM
,YASHO
530063,YASHRAJC
512345,YASTF
,YATHARTH
,YATRA
,YESBANK
511702,YOGI
522209,YOGISUNG
530675,YORKEXP
540980,YSL
,YUKEN
533149,YUNIKM
536846,YURANUS
,ZAGGLE
523054,ZBINTXPP
531043,ZDHJERK
,ZEEL
,ZEELEARN
,ZEEMEDIA
514266,ZENIFIB
,ZENITHEXPO
530665,ZENITHHE
,ZENITHSTL
530697,ZENLABS
532039,ZENOTECH
,ZENSARTECH
,ZENTEC
,ZFCVINDIA
505163,ZFSTEERING
502850,ZGAEKWAR
501111,ZGOLDINV
509650,ZHINDHSG
513039,ZHINUDYP
,ZICOM
,ZIMLAB
538579,ZINEMA
519064,ZKHANDEN
505585,ZKOVALIN
511018,ZMILGFIN
504356,ZMULTIPU
,ZODIAC
,ZODIACLOTH
503641,ZODIACVEN
512587,ZODJRDMKJ
,ZOMATO
,ZOTA
506042,ZPRBHSTE
512062,ZSANMCOM
512020,ZSARACOM
506190,ZSARVAMA
503893,ZSATYASL
512367,ZSHERAPR
512291,ZSPEEDCO
503624,ZSVARAJT
503622,ZSVTRADI
501386,ZSWASTSA
,ZUARI
,ZUARIIND
504988,ZWELCAST
,ZYDUSLIFE
,ZYDUSWELL
